Workbook

Sheet Head Data
B2: Project title | C2: : | D2: A COMPREHENSIVE TRUSTWORTHY FRAMEWORK FOR CONNECTED MACHINE LEARNING AND SECURE INTERCONNECTED AI SOLUTIONS | F2: Project Officer | G2: Andreea Mihaela OLTEANU
B3: Duration | C3: : | D3: 36 months | F3: Project Coordinator (PC): | G3: Antonis Makris (ICCS)
B4: Call identifier | C4: : | D4: HORIZON-CL3-2023-CS-01 | F4: Scientific-Technical-Innovation Manager (STIM):
B5: Topic | C5: : | D5: HORIZON-CL3-2023-CS-01-03 | F5: Dissemination and Exploitation Manager (DEM): | G5: Jihane Najar (AEGIS)
B6: GA Number | D6: 101168560 | F6: Quality Assurance Manager (QAM): | G6: Konstantinos Tserpes Antonis Makris (ICCS)
B7: Type of action | C7: : | D7: Research and Innovation Actions (RIA)
B8: Keywords | C8: : | F8: Website | G8: https://coevolution-project.eu/
F9: X | G9: https://x.com/@coevolution_eu
B10: Starting Date | C10: : | D10: 45597 | F10: LinkedIn | G10: https://www.linkedin.com/company/coevolution-eu-project/
B11: Kick-Off Meeting | C11: : | D11: 12-13 November 2024 | F11: Facebook | G11: https://www.facebook.com/people/CoEvolution-EUHorizon/61572810781073/
F12: YouTube | G12: https://www.youtube.com/@CoEvolutionEUH2020
B13: Total Funding | C13: : | D13: 5999688.8 | F13: BlueSky | G13: https://bsky.app/profile/coevolution-eu.bsky.social
B14: Total Budget | C14: : | D14: 5999688.8
B16: Mailing Lists | C16: : | D16: all-bounces@coevolution-project.eu
B21: Total Partners: | C21: : | D21: 15
B22: Industry | C22: : | D22: 3
B23: Research | C23: : | D23: 6
B24: SME | C24: : | D24: 6
B25: COUNTRIES | C25: : | D25: AT, CH, CY, DE, EL, ES, IE, IT

Sheet Consortium
A1: No. | B1: Participant organisation name | C1: Short Name | D1: Country | E1: Type | F1: PIC | G1: PM Rate | H1: Target funding | I1: Role | J1: Member | K1: Alternate Member
A2: 1 | B2: EREVNITIKO PANEPISTIMIAKO INSTITOUTO SYSTIMATON EPIKOINONION KAI YPOLOGISTON (coordinator) | C2: ICCS | D2: EL | E2: Research | F2: 999654356 | G2: 5000 | H2: 500000 | J2: Konstantinos Tserpes <tserpes@mail.ntua.gr> | K2: Antonis Makris <antoniosmakris@mail.ntua.gr>
A3: 2 | B3: RESEARCH CENTER ATHENA Industrial System Institute | C3: ISI | D3: EL | E3: Research | F3: 999562788 | G3: 5000 | H3: 450000 | J3: Apostolos Fournaris <fournaris@isi.gr> | K3: Evangelos Haleplidis <haleplidis@isi.gr>
A4: 3 | B4: UNIVERSITY OF CAGLIARI | C4: UNICA | D4: IT | E4: Research | F4: 999841663 | G4: 5000 | H4: 350000 | J4: Battista Biggio <battista.biggio@unica.it> | K4: Maura Pintor <maura.pintor@unica.it>
A5: 4 | B5: PANEPISTIMIO PATRON | C5: Upatras | J5: Georgios Bouloukakis <boulouk@gmail.com> | K5: Nikos Papadakis <ni papadakni1996@gmail.com>
A6: 5 | B6: SIEMENS AKTIENGESELLSCHAFT | C6: SIE | D6: DE | E6: Industry | F6: 999987260 | G6: 12180 | H6: 600000 | I6: Tech provider / Pilot provider | J6: Arne Broering <arne.broering@siemens.com> | K6: Marco Caselli <marco.caselli@siemens.com>
A7: 6 | B7: AEGIS IT RESEARCH GMBH | C7: AEGIS | D7: DE | E7: SME | F7: 911867804 | G7: 7400 | H7: 450000 | J7: Nikolaos Gkatzios <n.gkatzios@aegisresearch.eu> | K7: Stella Markopoulou <s.markopoulou@aegisresearch.eu>
A8: 7 | B8: TELEFONICA | C8: TID | D8: ES | E8: Industry | F8: 917790915 | G8: 7513.6 | H8: 650000 | J8: Ioannis Arapakis <ioannis.arapakis@telefonica.com> | K8: Carlos Segura <carlos.seguraperales@telefonica.com>
A9: 8 | B9: UNIVERSITA DI PISA | C9: UNIPI | D9: IT | E9: Research | F9: 999862712 | G9: 4700 | H9: 350000 | J9: Antonio Carta <antonio.carta@unipi.it> | K9: Davide Bacciu <davide.bacciu@unipi.it>
A10: 9 | B10: SECURITY LABS CONSULTING LIMITED | C10: SLC | D10: IE | E10: SME | F10: 895392645 | G10: 6100 | H10: 300000 | J10: Panos Karantzias <panagiotis.karantzias@securitylabs.ie> | K10: Christos Papadopoulos (christospapadopoulos07@gmail.com)
A11: 10 | B11: AVL LIST GMBH | C11: AVL | I11: Pilot Provider | J11: David Lenk <david.lenk@avl.com> | K11: Bernhard Peischl <bernhard.peischl@avl.com>
A12: 11 | B12: AVISENSE. AI TECHNOVLASTOS IKE | C12: AVI | D12: EL | E12: SME | F12: 881486337 | G12: 5500 | H12: 400000 | I12: Pilot Provider | J12: Aris Lalos <lalos@avisense.ai> | K12: Theodoros Panagiotakopoulos <panagiotakopoulos@avisense.ai>
A13: 12 | B13: DIINEKES S.I. MONOPROSOPI IDIOTIKI KEFALAIOUCHIKI ETAIREIA | C13: DIE | D13: EL | E13: SME | F13: 884438338 | G13: 6500 | H13: 400000 | I13: Tech Provider | J13: Soritis Ioannidis <sotiris@dienekes.eu> | K13: -
A14: 13 | B14: CYBERALYTICS LIMITED | C14: CBRL | D14: CY | E14: SME | F14: 886488239 | G14: 8500 | H14: 400000 | J14: Andreas Miaoudakis <a.miaoudakis@cyberalytics.com> | K14: Olympia Giannakopoulou <o.giannakopoulou@cyberalytics.com>
A15: 14 | B15: SPHYNX TECHNOLOGY SOLUTIONS AG | C15: STS | D15: CH | E15: SME | F15: 881338703 | G15: 17600 | H15: 500000 | I15: Model driven data analytics services | J15: Michalis Smyrlis <smyrlis@sphynx.ch> | K15: Ioannis Arakas <i.arakas@sphynx.ch>
A16: 15 | B16: VELEDAR OMAR | C16: BEVD | J16: Omar Veledar <Omar.Veledar@beevadoo.com> | K16: -

Sheet Gantt
B1: Current Month: | H1: D1.1 | Q1: D3.1 D3.2 | W1: D2.2 D4.1 D5.1 | AC1: D6.1 D6.2 | AL1: D4.2 D5.2 | AO1: D2.3 D6.3 D6.4
B2: ="M" & TEXT(DATEDIF(DATE(2024,11,1), TODAY(), "m") + 1, "00") -> M09 | K2: D1.2 D2.1 | Q2: D1.4 | AO2: D1.3
F3: 45597 | G3: 45627 | H3: 45658 | I3: 45689 | J3: 45717 | K3: 45748 | L3: 45778 | M3: 45809 | N3: 45839 | O3: 45870 | P3: 45901 | Q3: 45931 | R3: 45962 | S3: 45992 | T3: 46023 | U3: 46054 | V3: 46082 | W3: 46113 | X3: 46143 | Y3: 46174 | Z3: 46204 | AA3: 46235 | AB3: 46266 | AC3: 46296 | AD3: 46327 | AE3: 46357 | AF3: 46388 | AG3: 46419 | AH3: 46447 | AI3: 46478 | AJ3: 46508 | AK3: 46539 | AL3: 46569 | AM3: 46600 | AN3: 46631 | AO3: 46661 | AQ3: AEGIS
A4: No | B4: Title | C4: Leader | D4: Start M | E4: End M | F4: Year 1 | R4: Year 2 | AD4: Year 3
F5: 1 | G5: 2 | H5: 3 | I5: 4 | J5: 5 | K5: 6 | L5: 7 | M5: 8 | N5: 9 | O5: 10 | P5: 11 | Q5: 12 | R5: 13 | S5: 14 | T5: 15 | U5: 16 | V5: 17 | W5: 18 | X5: 19 | Y5: 20 | Z5: 21 | AA5: 22 | AB5: 23 | AC5: 24 | AD5: 25 | AE5: 26 | AF5: 27 | AG5: 28 | AH5: 29 | AI5: 30 | AJ5: 31 | AK5: 32 | AL5: 33 | AM5: 34 | AN5: 35 | AO5: 36
A6: WP1 | B6: Project Management | C6: ICCS | D6: =MIN(D7:D11) -> 1 | E6: =MAX(E7:E11) -> 36 | AQ6: 7
A7: T1.1 | B7: Project coordination and reporting | C7: ICCS | D7: 1 | E7: 36 | AQ7: 1
A8: T1.2 | B8: Scientific and technical coordination, and monitoring of project's achievements | C8: ISI | D8: 1 | E8: 36
A9: T1.3 | B9: Quality assurance, gender equality assessment and risk management | C9: ICCS | D9: 1 | E9: 36
A10: T1.4 | B10: Innovation tracking and data management | C10: AEGIS | D10: 1 | E10: 36 | AQ10: 3
A11: T1.5 | B11: Ethical principles and European regulations, fundamental rights, and social sciences | C11: AEGIS | D11: 1 | E11: 36 | AQ11: 3
A12: WP2 | B12: Dissemination, Exploitation, Sustainability | C12: CBRL | D12: =MIN(D13:D17) -> 1 | E12: =MAX(E13:E17) -> 36 | AQ12: 21
A13: T2.1 | B13: Outreach planning, Communication and Dissemination | C13: AEGIS | D13: 1 | E13: 36 | AQ13: 12
A14: T2.2 | B14: Standardization activities | C14: CBRL | D14: 1 | E14: 36
A15: T2.3 | B15: Liaison with other EU-funded projects and initiatives | C15: ISI | D15: 1 | E15: 36
A16: T2.4 | B16: Exploitation activities and long-term sustainability | C16: AVL | D16: 8 | E16: 36 | AQ16: 6
A17: T2.5 | B17: End user internal organization training activities | C17: SIE | D17: 12 | E17: 36 | AQ17: 3
A18: WP3 | B18: Specification/ Requirements and CoEvolution Architecture | C18: ISI | D18: =MIN(D19:D22) -> 1 | E18: =MAX(E19:E22) -> 12 | AQ18: 10
A19: T3.1 | B19: State-of-the-Art, Threat model and Technical Specifications | C19: ICCS | D19: 1 | E19: 12 | AQ19: 1
A20: T3.2 | B20: Use-Case specifications and Requirements | C20: AVL | D20: 1 | E20: 12 | AQ20: 5
A21: T3.3 | B21: CoEvolution Reference Architecture | C21: ISI | D21: 1 | E21: 12 | AQ21: 2
A22: T3.4 | B22: Data requirements and Collection | C22: DIE | D22: 1 | E22: 12 | AQ22: 2
A23: WP4 | B23: AI model STR Αssessment., Εnhancement and Context Awareness technology enablers | C23: TID | D23: =MIN(D24:D28) -> 8 | E23: =MAX(E24:E28) -> 33 | AQ23: 0
A24: T4.1 | B24: Adversarial Attack Security Testing/Assessment techniques | C24: AVI | D24: 8 | E24: 33
A25: T4.2 | B25: Design and Training Phase Defences Technologies | C25: UNICA | D25: 8 | E25: 33
A26: T4.3 | B26: Deployment Phase Defenses Technologies | C26: TID | D26: 8 | E26: 33
A27: T4.4 | B27: AI Model Context-Awareness Enablers for Security, Robustness and Performance | C27: TID | D27: 8 | E27: 33
A28: T4.5 | B28: Continuous Post-Deployment Defense through Incremental training technologies | C28: UNIPI | D28: 8 | E28: 33
A29: WP5 | B29: CoEvolution AI model lifecycle STR Security Assurance and Monitoring | C29: DIE | D29: =MIN(D30:D33) -> 8 | E29: =MAX(E30:E33) -> 33 | AQ29: 12
A30: T5.1 | B30: STR AI Model Bills-of-Material Definition, Design and Management | C30: ISI | D30: 8 | E30: 33 | AQ30: 2
A31: T5.2 | B31: Security Runtime Monitoring | C31: DIE | D31: 8 | E31: 33 | AQ31: 8
A32: T5.3 | B32: Risk Assessement Analysis and Security Assessment Engines | C32: SLC | D32: 8 | E32: 33
A33: T5.4 | B33: Continuous Security Assurance and Trusted AIMBOM Generation Mechanism | C33: CBRL | D33: 8 | E33: 33
A34: T5.5 | B34: Evolutionary strategies for context-awareness adaptation | C34: TID | D34: 8 | E34: 33 | AQ34: 2
A35: WP6 | B35: Integration, evaluation and project outcomes | C35: AVI | D35: =MIN(D36:D39) -> 6 | E35: =MAX(E36:E39) -> 36 | AQ35: 18
A36: T6.1 | B36: CoEvolution hub Integration and Implementation | C36: AEGIS | D36: 13 | E36: 33 | AQ36: 14
A37: T6.2 | B37: Simulation for evaluation and dataset creation | C37: AVI | D37: 6 | E37: 24
A38: T6.3 | B38: Pilot Deployment, Testing and Demonstration | C38: SIE | D38: 21 | E38: 34 | AQ38: 4
A39: T6.4 | B39: Validation, Evaluation and project outcomes | C39: SLC | D39: 30 | E39: 36
K40: MS - Project Bootstrapping | Q40: MS - Project scope codification | W40: MS - R&D and impact maximization plans and first results | AC40: MS - MVP | AL40: MS - S&T outputs for uptake | AO40: MS - Project outputs, evaluation and sustainability

Sheet Deliverables
A1: # | B1: Name | C1: Short description | D1: WP# | E1: Lead | F1: Type | G1: Diss. level | H1: Del. date | I1: Reviewer 1 | J1: Reviewer 2 | K1: Status | L1: AEGIS Contributor
A2: ="D"&D2&"."&(COUNTIF(D:D,D2)-COUNTIF(D2:D1002,D2)+1) -> D1.1 | B2: Project Manual | C2: Project processes for day-to-day operations and quality management | D2: 1 | E2: ICCS | F2: R | G2: PU | H2: M03 | I2: ISI | J2: AEGIS | K2: Submitted | L2: Yes
A3: ="D"&D3&"."&(COUNTIF(D:D,D3)-COUNTIF(D3:D1003,D3)+1) -> D1.2 | B3: Data Management Plan | C3: Data management plan (living document) | D3: 1 | E3: AEGIS | F3: DMP | G3: SEN | H3: M06 | I3: CBRL | J3: BEVD | K3: Submitted | L3: Yes
A4: D1.3 | B4: Innovation management and ethics oversight report | C4: Innovation management and ethics oversight report | D4: 1 | E4: AEGIS | F4: R | G4: SEN | H4: M36 | I4: UNIPI | J4: AVI
A5: D1.4 | B5: Analysis of the legal and ethical issues | C5: Artificial Intelligence Act analysis and Ethical Board activities report (living document) | D5: 1 | E5: AEGIS | F5: R | G5: PU | H5: M12 | I5: DIE | J5: SLC | K5: ToC | L5: Yes
A6: ="D"&D6&"."&(COUNTIF(D:D,D6)-COUNTIF(D6:D1004,D6)+1) -> D2.1 | B6: Plan for impact delivery | C6: Communication, Dissemination and Exploitation Plan | D6: 2 | E6: AEGIS | F6: R | G6: SEN | H6: M06 | I6: ICCS | J6: TID | K6: Submitted | L6: Yes
A7: ="D"&D7&"."&(COUNTIF(D:D,D7)-COUNTIF(D7:D1007,D7)+1) -> D2.2 | B7: First Impact Analysis | C7: First report on the activities and indications on their impact | D7: 2 | E7: CBRL | F7: R | G7: SEN | H7: M18 | I7: SLC | J7: AVI
A8: ="D"&D8&"."&(COUNTIF(D:D,D8)-COUNTIF(D8:D1015,D8)+1) -> D2.3 | B8: Final Impact report | C8: Second report on the activities and indications on their impact | D8: 2 | E8: CBRL | F8: R | G8: SEN | H8: M36 | I8: ISI | J8: DIE
A9: ="D"&D9&"."&(COUNTIF(D:D,D9)-COUNTIF(D9:D1005,D9)+1) -> D3.1 | B9: Project scope definition | C9: State of the art report, threat models, codified requirements and use cases | D9: 3 | E9: ICCS | F9: R | G9: PU | H9: M12 | I9: AVL | J9: STS
A10: ="D"&D10&"."&(COUNTIF(D:D,D10)-COUNTIF(D10:D1006,D10)+1) -> D3.2 | B10: Technical specifications | C10: Architecture and technical specification of the framework (live document) | D10: 3 | E10: ISI | F10: OTHER | G10: PU | H10: M12 | I10: UNICA | J10: UPatras
A11: ="D"&D11&"."&(COUNTIF(D:D,D11)-COUNTIF(D11:D1008,D11)+1) -> D4.1 | B11: Enablers development S&T report | C11: Scientific and technical report of the developed tools and techniques | D11: 4 | E11: UNICA | F11: R | G11: PU | H11: M18 | I11: AEGIS | J11: CBRL
A12: ="D"&D12&"."&(COUNTIF(D:D,D12)-COUNTIF(D12:D1012,D12)+1) -> D4.2 | B12: Enablers repository | C12: SW repository with developed tools with proper documentation for prospective uptakers | D12: 4 | E12: TID | F12: OTHER | G12: PU | H12: M33 | I12: STS | J12: BEVD
A13: ="D"&D13&"."&(COUNTIF(D:D,D13)-COUNTIF(D13:D1009,D13)+1) -> D5.1 | B13: Security assurance and monitoring S&T report | C13: Scientific and technical report of the developed tools and techniques | D13: 5 | E13: ISI | F13: R | G13: PU | H13: M18 | I13: UPatras | J13: SIE
A14: ="D"&D14&"."&(COUNTIF(D:D,D14)-COUNTIF(D14:D1013,D14)+1) -> D5.2 | B14: Security assurance and monitoring repository | C14: SW repository with developed tools with proper documentation for prospective uptakers | D14: 5 | E14: DIE | F14: OTHER | G14: PU | H14: M33 | I14: AVL | J14: BEVD
A15: ="D"&D15&"."&(COUNTIF(D:D,D15)-COUNTIF(D15:D1010,D15)+1) -> D6.1 | B15: Simulator & datasets | C15: Simulator and datasets to support R&D | D15: 6 | E15: AVI | F15: OTHER | G15: PU | H15: M24 | I15: ISI | J15: UNICA
A16: ="D"&D16&"."&(COUNTIF(D:D,D16)-COUNTIF(D16:D1011,D16)+1) -> D6.2 | B16: MVP | C16: A minimum viable product of the integrated framework to be validated and demonstrated | D16: 6 | E16: UPAT | F16: OTHER | G16: PU | H16: M24 | I16: UNIPI | J16: ICCS
A17: ="D"&D17&"."&(COUNTIF(D:D,D17)-COUNTIF(D17:D1016,D17)+1) -> D6.3 | B17: Integrated framework | C17: Final integrated framework and prototypes | D17: 6 | E17: SIE | F17: DEM | G17: PU | H17: M36 | I17: ICCS | J17: TID
A18: ="D"&D18&"."&(COUNTIF(D:D,D18)-COUNTIF(D18:D1017,D18)+1) -> D6.4 | B18: Evaluation report | C18: Evalution process summary results for uptake and post-implementation support & development | D18: 6 | E18: SLC | F18: R | G18: PU | H18: M36 | I18: SIE | J18: AEGIS

Sheet AEGIS Role
B2: This tab outlines the role of AEGIS in this project. WPs and/or tasks AEGIS leads are described in details
B5: Tool/Service provided | C5: Legal & Ethics Consultation/ Dissemination and Communication/ Integration
B6: Role in Project | C6: Technology Provider, Legal & Ethics Manager, Dissemination and Communication Manager, Integrator
B7: WP leader | C7: n/a
B8: Task leader | C8: T1.4; T1.5; T2.1; T6.1
B9: Deliverable leader | C9: D1.2 (M06); D1.3 (M36); D1.4 (M12); D2.1 (M06);
B10: Del Reviewer | C10: D1.1 (M03); D4.1 (M18); D6.4(M36);
B15: Task1.4 Description | C15: CoEvolution incorporates research, innovation strategy and monitoring as a core feature in its structure. In this context, this task aims at identifying and analysing the innovation potentials of CoEvolution and providing additional information and directions both to the project technical activities (with respect to current and emerging market needs) and to the project exploitation activities (with respect to exploitation plans and strategies). Innovation workshops may be organized as part of CoEvolution dissemination and exploitation strategy to invite potential adopters of CoEvolution results, where they will have a discussion playground. Moreover, it will establish open science and data management planning activities, which involve the identification of the relevant information that can be shared among the scientific communities for research purposes, and details the procedures for preserving and releasing project’s open assets even beyond the end of the project.
B16: Task 1.5 Description | C16: In this task, an Ethical Board (constituted by internal and external experts) will be established with the aim of assisting the consortium and the involved beneficiaries to quickly solve any uprising issues without affecting the project outcomes. Close monitoring and evaluation will be periodically performed in order to verify that each party is compliant with all European laws and regulations applicable to its activities, including the acquisition of data, the processing of data through any tool used in connection with the project and the use of such data within the project framework. This task will also provide an analysis of the legal and ethical issues in the project (in particular focusing on privacy, data protection and AI regulation) to partners. More specifically, this task will monitor closely the EU approach on Artificial Intelligence, such as the proposed Artificial Intelligence Act and will keep the consortium apprised in order for CoEvolution to harmonize the results of the project with the EU guidelines. Finally, this task goes one step beyond by considering which legal issues may emerge for the CoEvolution outcomes in the post-project phase, and how the consortium can develop outcomes that are legally compliant and meet a high ethical standard.
B17: Task 2.1 Description | C17: This task aims to establish a framework enabling partners to document their communication and dissemination efforts and assess their impact. These activities will be meticulously evaluated against the project's Key Performance Indicators (KPIs), and a flexible strategy will be formulated in real-time based on the extent to which these activities are fulfilled. This approach ensures the implementation of consistent communication initiatives across diverse channels, guaranteeing that pertinent stakeholders are well-informed about the project's progress. Special attention will be given to generating digital content and utilizing social media platforms such as Twitter and LinkedIn. Additionally, the project aims at enhancing its visibility and outreach with various tools and social media platforms, ensuring effective communication with its target audience.
B18: Task 6.1 Description | C18: In this task, the envisioned CoEvolution hub will be integrated and implemented, continuing the work of WP4 and WP5. Activities in this task will involve the following: 1. explain which underlying domain data models will be used and why 2. prescribe the necessary infrastructure 3. assign responsibilities regarding the provision and installation of the necessary infrastructure for the effective system operation 4. coordinate and integrate the tools and services developed in WPs 4 and 5 5. implement the CoEvolution hub. In addition to the above, AVL and AVI will perform adaptations to AVL’s testbed (vehicle and equipment) to ensure its compatibility with the prescribed infrastructure, tools and services leading to effective integration and implementation of the CoEvolution hub and enhanced availability of data sharing. This effort will ensure the seamless integration of AVL’s vehicle and equipment into the CoEvolution hub.

Sheet Meetings
B1: The official Project Meetings will be documented in the table below. ATTENTION: Do not fill Column B, numbering is done automatically.
B3: No | C3: Type | D3: Title | E3: Location | F3: Starting Date | G3: Ending Date | H3: AEGIS Participants | I3: Status
B4: 0 | C4: [Select from Dropdown List] | D4: [provide the meeting title i.e 1st plenary etc] | E4: [city, country / remote] | F4: [select date from Calendar] | G4: [select date from Calendar] | H4: [add the names of the participants] | I4: [Select from Dropdown list]
B5: =IF(C5<>"", TEXT(ROW() - ROW($B$6) + 2, "000"), "") -> 001 | C5: Kick-Off | D5: Project Kick-off Meeting | E5: Athens, Greece | F5: 45608 | G5: 45609 | H5: Marinos Tsantekidis, Stella Markopoulou | I5: Completed
B6: =IF(C6<>"", TEXT(ROW() - ROW($B$6) + 2, "000"), "") -> 002 | C6: Plenary | D6: Project Meeting | E6: Cagliari, Sardinia, Italy | F6: 45747 | G6: 45748 | H6: Nikolaos Gkatzios, Stella Markopoulou | I6: Completed
B7: =IF(C7<>"", TEXT(ROW() - ROW($B$6) + 2, "000"), "") -> 003 | C7: Plenary | D7: Plenary Meeting | E7: Graz, Austria | F7: 45833 | G7: 45834 | H7: Jihane Najar, Stella Markopoulou | I7: Completed
B8: =IF(C8<>"", TEXT(ROW() - ROW($B$6) + 2, "000"), "")
B9: =IF(C9<>"", TEXT(ROW() - ROW($B$6) + 2, "000"), "")
B10: =IF(C10<>"", TEXT(ROW() - ROW($B$6) + 2, "000"), "")
B11: =IF(C11<>"", TEXT(ROW() - ROW($B$6) + 2, "000"), "")
B12: =IF(C12<>"", TEXT(ROW() - ROW($B$6) + 2, "000"), "")
B13: =IF(C13<>"", TEXT(ROW() - ROW($B$6) + 2, "000"), "")
B14: =IF(C14<>"", TEXT(ROW() - ROW($B$6) + 2, "000"), "")
B15: =IF(C15<>"", TEXT(ROW() - ROW($B$6) + 2, "000"), "")
B16: =IF(C16<>"", TEXT(ROW() - ROW($B$6) + 2, "000"), "")
B17: =IF(C17<>"", TEXT(ROW() - ROW($B$6) + 2, "000"), "")
B18: =IF(C18<>"", TEXT(ROW() - ROW($B$6) + 2, "000"), "")
B19: =IF(C19<>"", TEXT(ROW() - ROW($B$6) + 2, "000"), "")
... B27: =IF(C27<>"", TEXT(ROW() - ROW($B$6) + 2, "000"), "")

Sheet Internal Meetings Log
B1: The AEGIS Team that operates in this Project will be having interanl meetings and calls on a regular basis. Below is a log for these meetings with action points and key notes.
B3: No | C3: Date | D3: Points of Discussion | E3: Action Points | F3: Notes
B4: =IF(D4<>"", TEXT(ROW() - ROW($B$5) + 2, "000"), "") -> 001 | C4: 45754 | D4: * The project management responsibilities for CoEvolution have been officially transferred from Nikos to Jihane as of Month 5. * Access to all project management tools, documentation repositories, and reporting templates has been successfully handed over. * Nikos will remain available for support during the transition phase if needed. | E4: * Finalise Deliverable D1.2: Coordinate with Stavros Tsipras and Georgia Tsipra to close pending sections and initiate peer review. * Finalise Deliverable D2.1: Ensure all partner contributions are integrated, reviewed, and the document is ready for internal quality check. | F4: Attendees: Nikos, Jihane
B5: =IF(D5<>"", TEXT(ROW() - ROW($B$5) + 2, "000"), "") -> 002 | C5: 45771 | D5: * Deliverables D1.2 and D2.1: Updates were shared regarding their status. Reviewer comments were received, with no major changes required. * Technical Requirements: Reviewed the technical requirements currently assigned to AEGIS. * Architecture Responsibilities: Discussed the need to clarify which parts of the overall architecture AEGIS should lead or contribute to. | E5: * Schedule a meeting with ICCS to clarify the architecture updates and define AEGIS’s responsibilities. * Provide the final versions of Deliverables D1.2 and D2.1, incorporating reviewer feedback. * Update the Dissemination & Communication (D&C) KPIs to reflect progress up to Month 6. * Review and confirm the technical requirements assigned to AEGIS. | F5: Attendees: Nikos, Stella, Jihane
B6: =IF(D6<>"", TEXT(ROW() - ROW($B$5) + 2, "000"), "") -> 003 | C6: 45775 | D6: * Discussion on Technical Requirements AEGIS-NTUA * Deliverables D1.2 and D2.1: Updates were shared regarding their status to ICCS. | F6: Attendees: Nikos, Stella, Jihane, Antonis (ICCS), Stavros Bouras (ICCS)
B7: =IF(D7<>"", TEXT(ROW() - ROW($B$5) + 2, "000"), "") -> 004 | C7: 45783 | D7: * Privacy Policy Discussion (For the form https://docs.google.com/forms/d/1wcgpiqglaTSjM1xlsYOjeRX7okQ1FYIUAziTR0eX8gc/edit) * Discussion on whether a separate privacy policy is needed for the form | E7: * Prepare the new version of the privacy policy | F7: Attendees: Jihane Najar, Stavors Tsipras
B8: =IF(D8<>"", TEXT(ROW() - ROW($B$5) + 2, "000"), "") -> 005 | C8: 45785 | D8: * Privacy Policy Discussion and website updates | E8: * Prepare the new version of the privacy policy and update the website | F8: Attendees: Jihane Najar, Stavors Tsipras, Alex Katsenos
B9: =IF(D9<>"", TEXT(ROW() - ROW($B$5) + 2, "000"), "") -> 006 | C9: 45821 | D9: T1.5 and D1.4 | E9: * Prepare the ToC and descrition of each section | F9: Attendees: Jihane Najar, Stavors Tsipras, Georgia Tsipras
B10: =IF(D10<>"", TEXT(ROW() - ROW($B$5) + 2, "000"), "")
B11: =IF(D11<>"", TEXT(ROW() - ROW($B$5) + 2, "000"), "")
B12: =IF(D12<>"", TEXT(ROW() - ROW($B$5) + 2, "000"), "")
B13: =IF(D13<>"", TEXT(ROW() - ROW($B$5) + 2, "000"), "")
B14: =IF(D14<>"", TEXT(ROW() - ROW($B$5) + 2, "000"), "")
B15: =IF(D15<>"", TEXT(ROW() - ROW($B$5) + 2, "000"), "")
B16: =IF(D16<>"", TEXT(ROW() - ROW($B$5) + 2, "000"), "")
B17: =IF(D17<>"", TEXT(ROW() - ROW($B$5) + 2, "000"), "")
B18: =IF(D18<>"", TEXT(ROW() - ROW($B$5) + 2, "000"), "")
B19: =IF(D19<>"", TEXT(ROW() - ROW($B$5) + 2, "000"), "")
B20: =IF(D20<>"", TEXT(ROW() - ROW($B$5) + 2, "000"), "")
B21: =IF(D21<>"", TEXT(ROW() - ROW($B$5) + 2, "000"), "")
... B32: =IF(D32<>"", TEXT(ROW() - ROW($B$5) + 2, "000"), "")

Sheet Effort(Old)
E1: 1 | F1: =E1+1 -> 2 | G1: =F1+1 -> 3 | H1: =G1+1 -> 4 | I1: =H1+1 -> 5 | J1: =I1+1 -> 6 | K1: =J1+1 -> 7 | L1: =K1+1 -> 8 | M1: =L1+1 -> 9 | ... S1: =R1+1 -> 15
A2: No | B2: Start M | C2: End M | D2: Leader Short Name | E2: =VLOOKUP(E1,#REF!,3,FALSE) -> ICCS | F2: =VLOOKUP(F1,#REF!,3,FALSE) -> ISI | G2: =VLOOKUP(G1,#REF!,3,FALSE) -> UNICA | H2: =VLOOKUP(H1,#REF!,3,FALSE) -> IMT | I2: =VLOOKUP(I1,#REF!,3,FALSE) -> SIE | J2: =VLOOKUP(J1,#REF!,3,FALSE) -> AEGIS | K2: =VLOOKUP(K1,#REF!,3,FALSE) -> TID | L2: =VLOOKUP(L1,#REF!,3,FALSE) -> UNIPI | ... S2: =VLOOKUP(S1,#REF!,3,FALSE) -> STS | T2: Total /Task
A3: =Gantt!A6 -> WP1 | B3: =Gantt!C6 -> 1 | C3: =Gantt!D6 -> 36 | D3: ICCS | E3: =IF($D3=E$2,"WPL","") -> WPL | F3: =IF($D3=F$2,"WPL","") | G3: =IF($D3=G$2,"WPL","") | H3: =IF($D3=H$2,"WPL","") | I3: =IF($D3=I$2,"WPL","") | J3: =IF($D3=J$2,"WPL","") | K3: =IF($D3=K$2,"WPL","") | L3: =IF($D3=L$2,"WPL","") | ... S3: =IF($D3=S$2,"WPL","")
A4: =Gantt!A7 -> T1.1 | B4: =Gantt!C7 -> 1 | C4: =Gantt!D7 -> 36 | D4: ICCS | E4: 15 | F4: 1 | G4: 1 | H4: 1 | I4: 1 | J4: 1 | K4: 1 | L4: 1 | M4: 1 | N4: 1 | O4: 1 | P4: 1 | Q4: 1 | R4: 1 | S4: 1 | T4: =SUM(E4:S4) -> 29
A5: =Gantt!A8 -> T1.2 | B5: =Gantt!C8 -> 1 | C5: =Gantt!D8 -> 36 | D5: ISI | F5: 6 | T5: =SUM(E5:S5) -> 6
A6: =Gantt!A9 -> T1.3 | B6: =Gantt!C9 -> 1 | C6: =Gantt!D9 -> 36 | D6: ICCS | E6: 4 | K6: 1 | T6: =SUM(E6:S6) -> 5
A7: =Gantt!A10 -> T1.4 | B7: =Gantt!C10 -> 1 | C7: =Gantt!D10 -> 36 | D7: AEGIS | J7: 3 | T7: =SUM(E7:S7) -> 3
A8: =Gantt!A11 -> T1.5 | B8: =Gantt!C11 -> 1 | C8: =Gantt!D11 -> 36 | D8: AEGIS | F8: 1 | J8: 3 | K8: 1 | T8: =SUM(E8:S8) -> 5
A9: =Gantt!A12 -> WP2 | B9: =Gantt!C12 -> 1 | C9: =Gantt!D12 -> 36 | D9: CBRL | E9: =IF($D9=E$2,"WPL","") | F9: =IF($D9=F$2,"WPL","") | G9: =IF($D9=G$2,"WPL","") | H9: =IF($D9=H$2,"WPL","") | I9: =IF($D9=I$2,"WPL","") | J9: =IF($D9=J$2,"WPL","") | K9: =IF($D9=K$2,"WPL","") | L9: =IF($D9=L$2,"WPL","") | ... S9: =IF($D9=S$2,"WPL","")
A10: =Gantt!A13 -> T2.1 | B10: =Gantt!C13 -> 1 | C10: =Gantt!D13 -> 36 | D10: AEGIS | E10: 2 | F10: 2 | G10: 2 | H10: 2 | I10: 2 | J10: 8 | K10: 2 | L10: 2 | M10: 2 | N10: 2 | O10: 2 | P10: 2 | Q10: 2 | R10: 2 | S10: 2 | T10: =SUM(E10:S10) -> 36
A11: =Gantt!A14 -> T2.2 | B11: =Gantt!C14 -> 1 | C11: =Gantt!D14 -> 36 | D11: CBRL | F11: 1 | I11: 2 | K11: 1 | M11: 1 | O11: 2 | R11: 6 | S11: 2 | T11: =SUM(E11:S11) -> 15
A12: =Gantt!A15 -> T2.3 | B12: =Gantt!C15 -> 1 | C12: =Gantt!D15 -> 36 | D12: ISI | F12: 4 | H12: 2 | Q12: 2 | R12: 2 | S12: 2 | T12: =SUM(E12:S12) -> 12
A13: =Gantt!A16 -> T2.4 | B13: =Gantt!C16 -> 8 | C13: =Gantt!D16 -> 36 | D13: PAN | I13: 2 | K13: 2 | M13: 3 | N13: 2 | O13: 4 | P13: 2 | Q13: 2 | R13: 2 | S13: 2 | T13: =SUM(E13:S13) -> 21
A14: =Gantt!A17 -> T2.5 | B14: =Gantt!C17 -> 12 | C14: =Gantt!D17 -> 36 | D14: SIE | I14: 3 | M14: 1 | O14: 2 | T14: =SUM(E14:S14) -> 6
A15: =Gantt!A18 -> WP3 | B15: =Gantt!C18 -> 1 | C15: =Gantt!D18 -> 12 | D15: ISI | E15: =IF($D15=E$2,"WPL","") | F15: =IF($D15=F$2,"WPL","") -> WPL | G15: =IF($D15=G$2,"WPL","") | H15: =IF($D15=H$2,"WPL","") | I15: =IF($D15=I$2,"WPL","") | J15: =IF($D15=J$2,"WPL","") | K15: =IF($D15=K$2,"WPL","") | L15: =IF($D15=L$2,"WPL","") | ... S15: =IF($D15=S$2,"WPL","")
A16: =Gantt!A19 -> T3.1 | B16: =Gantt!C19 -> 1 | C16: =Gantt!D19 -> 12 | D16: SAP | F16: 2 | G16: 2 | H16: 1 | J16: 1 | K16: 2 | L16: 1 | M16: 4 | N16: 1 | Q16: 1 | R16: 1 | T16: =SUM(E16:S16) -> 16
A17: =Gantt!A20 -> T3.2 | B17: =Gantt!C20 -> 1 | C17: =Gantt!D20 -> 12 | D17: PAN | I17: 3 | J17: 1 | M17: 1 | N17: 1 | O17: 4 | P17: 3 | Q17: 1 | R17: 1 | S17: 2 | T17: =SUM(E17:S17) -> 17
A18: =Gantt!A21 -> T3.3 | B18: =Gantt!C21 -> 1 | C18: =Gantt!D21 -> 12 | D18: ISI | E18: 2 | F18: 6 | G18: 2 | H18: 2 | J18: 2 | L18: 2 | M18: 2 | R18: 2 | T18: =SUM(E18:S18) -> 20
A19: =Gantt!A22 -> T3.4 | B19: =Gantt!C22 -> 1 | C19: =Gantt!D22 -> 12 | D19: DIE | F19: 2 | J19: 2 | N19: 2 | Q19: 4 | T19: =SUM(E19:S19) -> 10
A20: =Gantt!A23 -> WP4 | B20: =Gantt!C23 -> 8 | C20: =Gantt!D23 -> 33 | D20: TID | E20: =IF($D20=E$2,"WPL","") | F20: =IF($D20=F$2,"WPL","") | G20: =IF($D20=G$2,"WPL","") | H20: =IF($D20=H$2,"WPL","") | I20: =IF($D20=I$2,"WPL","") | J20: =IF($D20=J$2,"WPL","") | K20: =IF($D20=K$2,"WPL","") -> WPL | L20: =IF($D20=L$2,"WPL","") | ... S20: =IF($D20=S$2,"WPL","")
A21: =Gantt!A24 -> T4.1 | B21: =Gantt!C24 -> 8 | C21: =Gantt!D24 -> 33 | D21: AVI | F21: 6 | H21: 8 | I21: 3 | M21: 6 | O21: 2 | P21: 18 | T21: =SUM(E21:S21) -> 43
A22: =Gantt!A25 -> T4.2 | B22: =Gantt!C25 -> 8 | C22: =Gantt!D25 -> 33 | D22: UNICA | E22: 9 | F22: 4 | G22: 18 | L22: 10 | M22: 12 | O22: 2 | T22: =SUM(E22:S22) -> 55
A23: =Gantt!A26 -> T4.3 | B23: =Gantt!C26 -> 8 | C23: =Gantt!D26 -> 33 | D23: TID | E23: 9 | F23: 4 | G23: 6 | I23: 3 | K23: 12 | O23: 2 | T23: =SUM(E23:S23) -> 36
A24: =Gantt!A27 -> T4.4 | B24: =Gantt!C27 -> 8 | C24: =Gantt!D27 -> 33 | D24: TID | H24: 8 | K24: 21 | T24: =SUM(E24:S24) -> 29
A25: =Gantt!A28 -> T4.5 | B25: =Gantt!C28 -> 8 | C25: =Gantt!D28 -> 33 | D25: UNIPI | G25: 9 | I25: 4 | L25: 18 | M25: 6 | P25: 6 | Q25: 4 | T25: =SUM(E25:S25) -> 47
A26: =Gantt!A29 -> WP5 | B26: =Gantt!C29 -> 8 | C26: =Gantt!D29 -> 33 | D26: DIE | E26: =IF($D26=E$2,"WPL","") | F26: =IF($D26=F$2,"WPL","") | G26: =IF($D26=G$2,"WPL","") | H26: =IF($D26=H$2,"WPL","") | I26: =IF($D26=I$2,"WPL","") | J26: =IF($D26=J$2,"WPL","") | K26: =IF($D26=K$2,"WPL","") | L26: =IF($D26=L$2,"WPL","") | ... T26: =IF($D26=T$2,"WPL","")
A27: =Gantt!A30 -> T5.1 | B27: =Gantt!C30 -> 8 | C27: =Gantt!D30 -> 33 | D27: ISI | F27: 12 | J27: 2 | L27: 9 | S27: 5 | T27: =SUM(E27:S27) -> 28
A28: =Gantt!A31 -> T5.2 | B28: =Gantt!C31 -> 8 | C28: =Gantt!D31 -> 33 | D28: DIE | E28: 8 | F28: 2 | J28: 8 | P28: 6 | Q28: 12 | T28: =SUM(E28:S28) -> 36
A29: =Gantt!A32 -> T5.3 | B29: =Gantt!C32 -> 8 | C29: =Gantt!D32 -> 33 | D29: SLC | E29: 8 | F29: 2 | N29: 16 | Q29: 4 | T29: =SUM(E29:S29) -> 30
A30: =Gantt!A33 -> T5.4 | B30: =Gantt!C33 -> 8 | C30: =Gantt!D33 -> 33 | D30: CBRL | F30: 5 | L30: 9 | Q30: 4 | R30: 14 | S30: 5 | T30: =SUM(E30:S30) -> 37
A31: =Gantt!A34 -> T5.5 | B31: =Gantt!C34 -> 8 | C31: =Gantt!D34 -> 33 | D31: TID | G31: 8 | J31: 2 | K31: 20 | T31: =SUM(E31:S31) -> 30
A32: =Gantt!A35 -> WP6 | B32: =Gantt!C35 -> 6 | C32: =Gantt!D35 -> 36 | D32: AVI | E32: =IF($D32=E$2,"WPL","") | F32: =IF($D32=F$2,"WPL","") | G32: =IF($D32=G$2,"WPL","") | H32: =IF($D32=H$2,"WPL","") | I32: =IF($D32=I$2,"WPL","") | J32: =IF($D32=J$2,"WPL","") | K32: =IF($D32=K$2,"WPL","") | L32: =IF($D32=L$2,"WPL","") | ... T32: =IF($D32=T$2,"WPL","")
A33: =Gantt!A36 -> T6.1 | B33: =Gantt!C36 -> 19 | C33: =Gantt!D36 -> 33 | D33: AEGIS | E33: 2 | F33: 3 | G33: 2 | H33: 2 | I33: 5 | J33: 8 | K33: 2 | L33: 2 | M33: 2 | N33: 2 | O33: 1 | P33: 2 | Q33: 2 | R33: 2 | S33: 2 | T33: =SUM(E33:S33) -> 39
A34: =Gantt!A37 -> T6.2 | B34: =Gantt!C37 -> 6 | C34: =Gantt!D37 -> 24 | D34: AVI | E34: 8 | H34: 6 | I34: 5 | P34: 9 | T34: =SUM(E34:S34) -> 28
A35: =Gantt!A38 -> T6.3 | B35: =Gantt!C38 -> 24 | C35: =Gantt!D38 -> 34 | D35: SIE | E35: 2 | F35: 2 | G35: 2 | H35: 2 | I35: 5 | J35: 2 | K35: 2 | L35: 2 | M35: 2 | N35: 2 | O35: 2 | P35: 2 | Q35: 2 | R35: 2 | S35: 2 | T35: =SUM(E35:S35) -> 33
A36: =Gantt!A39 -> T6.4 | B36: =Gantt!C39 -> 30 | C36: =Gantt!D39 -> 36 | D36: SLC | N36: 5 | O36: 1 | P36: 4 | Q36: 3 | S36: 1 | T36: =SUM(E36:S36) -> 14
E37: =SUM(E3:E36) -> 69 | F37: =SUM(F3:F36) -> 65 | G37: =SUM(G3:G36) -> 52 | H37: =SUM(H3:H36) -> 34 | I37: =SUM(I3:I36) -> 38 | J37: =SUM(J3:J36) -> 43 | K37: =SUM(K3:K36) -> 67 | L37: =SUM(L3:L36) -> 56 | ... S37: =SUM(S3:S36) -> 26 | T37: =SUM(T4:T36) -> 686

Sheet SourceData
B3: Deliverable Status | C3: Meeting Status | D3: Meeting Type
B4: Not Started | C4: Announced | D4: Kick-Off | F4: Yes
B5: ToC | C5: Planned | D5: Plenary | F5: No
B6: Draft | C6: Completed | D6: Technical
B7: Peer Review | D7: Plenary & Technical
B8: Submitted | D8: Review
B9: Accepted
B10: Rejected
B11: Resubmitted
